Cpd,CATS2D_09_DA_me,C-012_me,VE1sign_D/Dt_bt,F08[C-O]_me,C-012_at,VE2_D/Dt_me,SpMAD_AEA(dm)_bt,S-109_bt,GATS3p_at,HyWi_B(s)_bt
403,0.115384615,-0.230769231,0.069818391,4.153846154,-0.080357143,-0.020884615,-0.054367816,-0.333333333,0.013930804,-0.014942529
1211,-0.884615385,-0.230769231,0.12467037,-1.846153846,0,0.018115385,-0.100873016,-0.53968254,0.011294118,-0.860767196
830,-0.796766744,-0.064665127,-0.10632963,-2.069284065,-0.080357143,-0.001775982,0.089126984,0.46031746,0.041930804,-0.080767196
391,-2.166666667,-0.333333333,-0.177181609,-2,-0.080357143,0.014,-0.084367816,-0.333333333,0.148930804,-0.144942529
1819,-0.884615385,-0.230769231,-0.13752963,1.153846154,0,-0.015884615,-0.130873016,-0.53968254,0.001294118,-0.490767196
155,-0.796766744,-0.064665127,-0.208181609,-2.069284065,-0.080357143,0.041224018,-0.034367816,-0.333333333,0.078930804,-0.474942529
518,0.203233256,-0.064665127,-0.15762963,-1.069284065,-0.080357143,0.043224018,-0.080873016,-0.53968254,0.071930804,-0.700767196
462,0.203233256,-0.064665127,-0.19592963,0.930715935,-0.080357143,-0.005775982,0.039126984,0.46031746,-0.101069196,0.059232804
1330,-0.884615385,-0.230769231,0.21667037,0.153846154,0,-0.001884615,-0.030873016,-0.53968254,0.011294118,-0.410767196
860,-0.796766744,-0.064665127,-0.06932963,-2.069284065,-0.080357143,-0.007775982,0.019126984,0.46031746,-0.099069196,-0.120767196
240,-0.796766744,-0.064665127,0.378818391,1.930715935,-0.080357143,0.020224018,0.025632184,-0.333333333,-0.076069196,0.055057471
1609,2.203233256,-0.064665127,-0.17002963,3.930715935,-0.080357143,0.025224018,-0.040873016,-0.53968254,-0.009069196,-0.410767196
590,-0.796766744,-0.064665127,0.01067037,-1.069284065,-0.080357143,-0.010775982,0.019126984,0.46031746,-0.106069196,0.629232804
541,-0.796766744,-0.064665127,0.05967037,3.930715935,-0.080357143,0.011224018,0.009126984,-0.53968254,0.098930804,-0.260767196
1368,-0.884615385,-0.230769231,-0.14492963,2.153846154,0,0.001115385,-0.040873016,-0.53968254,0.111294118,0.059232804
1730,-0.884615385,-0.230769231,-0.16702963,0.153846154,0,-0.008884615,0.019126984,-0.53968254,-0.008705882,-0.150767196
1949,-0.884615385,-0.230769231,0.10567037,3.153846154,-0.080357143,-0.009884615,0.039126984,-0.53968254,0.328930804,-0.400767196
1979,-0.884615385,-0.230769231,0.57767037,2.153846154,0,0.005115385,-0.040873016,-0.53968254,-0.195705882,-0.340767196
1793,-0.884615385,-0.230769231,-0.03132963,0.153846154,0,-0.019884615,-0.080873016,-0.53968254,0.131294118,-0.250767196
406,-0.884615385,-0.230769231,0.015818391,2.153846154,-0.080357143,-0.016884615,-0.064367816,-0.333333333,0.001930804,-0.354942529
620,-0.796766744,-0.064665127,0.14067037,-1.069284065,-0.080357143,0.022224018,0.029126984,-0.53968254,0.043930804,-0.260767196
1516,-1.166666667,-0.333333333,0.001818391,1,-0.080357143,0.01,-0.064367816,-0.333333333,0.108930804,-0.064942529
1677,-1.166666667,-0.333333333,-0.21230963,-5,-0.080357143,0.018,-0.000873016,-0.53968254,0.188930804,-0.450767196
1757,1.115384615,-0.230769231,0.29167037,5.153846154,0,-0.012884615,-0.010873016,-0.53968254,0.071294118,0.049232804
823,2.203233256,-0.064665127,0.05067037,5.930715935,-0.080357143,-0.021775982,-0.000873016,-0.53968254,-0.011069196,0.059232804
982,-0.796766744,-0.064665127,-0.06732963,-1.069284065,-0.080357143,-0.009775982,0.019126984,0.46031746,-0.053069196,0.279232804
1691,-2.166666667,-0.333333333,-0.01732963,-6,-0.080357143,0.025,-0.020873016,-0.53968254,0.138930804,-0.250767196
1020,-0.796766744,-0.064665127,-0.08632963,-1.069284065,-0.080357143,0.004224018,0.009126984,0.46031746,-0.144069196,-0.230767196
1928,-0.884615385,-0.230769231,0.14167037,-1.846153846,0,0.026115385,-0.000873016,-0.53968254,0.101294118,-0.490767196
1397,-0.884615385,-0.230769231,0.13367037,-1.846153846,0,0.010115385,-0.080873016,-0.53968254,0.041294118,-0.710767196
135,-0.796766744,-0.064665127,-0.277181609,-1.069284065,-0.080357143,0.019224018,-0.044367816,-0.333333333,0.428930804,-0.114942529
1942,-0.884615385,-0.230769231,-0.09532963,0.153846154,0,0.035115385,-0.110873016,-0.53968254,-0.137705882,-0.820767196
1304,-0.884615385,-0.230769231,0.04967037,-1.846153846,0,0.011115385,-0.070873016,-0.53968254,0.131294118,-0.740767196
1646,0.203233256,-0.064665127,-0.10832963,1.930715935,-0.080357143,0.030224018,-0.030873016,-0.53968254,0.128930804,-0.560767196
1403,0.115384615,-0.230769231,0.19567037,4.153846154,-0.080357143,-0.024884615,-0.090873016,-0.53968254,0.037930804,-0.090767196
1749,-0.884615385,-0.230769231,-0.19842963,-1.846153846,0,0.051115385,-0.040873016,-0.53968254,0.091294118,-0.880767196
408,-0.884615385,-0.230769231,-0.173181609,1.153846154,-0.080357143,-0.018884615,-0.034367816,-0.333333333,0.138930804,-0.364942529
91,-0.796766744,-0.064665127,-0.210181609,-2.069284065,-0.080357143,0.051224018,-0.094367816,-0.333333333,0.045930804,-0.654942529
125,0.203233256,0.935334873,-0.111181609,-2.069284065,0.919642857,0.031224018,0.015632184,-0.333333333,-0.007069196,-0.204942529
154,-0.796766744,-0.064665127,-0.297881609,-1.069284065,-0.080357143,0.014224018,-0.014367816,-0.333333333,0.418930804,0.105057471
1234,0.115384615,-0.230769231,0.13467037,0.153846154,0,0.010115385,-0.040873016,-0.53968254,-0.018705882,-0.220767196
1789,-0.884615385,-0.230769231,-0.03732963,2.153846154,0,0.006115385,-0.050873016,-0.53968254,0.031294118,-0.300767196
891,-0.796766744,-0.064665127,0.03967037,1.930715935,-0.080357143,0.002224018,-0.030873016,-0.53968254,0.072930804,-0.490767196
825,-0.796766744,-0.064665127,-0.09232963,-1.069284065,-0.080357143,-0.007775982,0.029126984,0.46031746,-0.051069196,0.159232804
1185,-0.884615385,-0.230769231,0.05067037,-1.846153846,0,0.018115385,-0.080873016,-0.53968254,0.121294118,-0.760767196
1807,0.115384615,-0.230769231,-0.09432963,1.153846154,0,0.010115385,-0.060873016,-0.53968254,0.001294118,-0.350767196
492,-0.796766744,-0.064665127,-0.04332963,0.930715935,-0.080357143,0.021224018,0.049126984,-0.53968254,0.050930804,-0.500767196
455,1.203233256,-0.064665127,0.10567037,-0.069284065,-0.080357143,-0.018775982,0.009126984,-0.53968254,-0.036069196,0.099232804
1776,1.115384615,-0.230769231,0.24667037,7.153846154,0,-0.024884615,-0.030873016,-0.53968254,-0.039705882,0.119232804
49,0.203233256,-0.064665127,0.064818391,1.930715935,-0.080357143,0.026224018,-0.074367816,-0.333333333,0.108930804,-0.404942529
1369,-0.884615385,-0.230769231,-0.18072963,1.153846154,-0.080357143,-0.014884615,-0.030873016,-0.53968254,-0.008069196,-0.460767196
523,-0.796766744,-0.064665127,-0.01732963,-2.069284065,-0.080357143,0.050224018,-0.050873016,-0.53968254,0.178930804,-0.630767196
2034,-0.884615385,-0.230769231,0.12567037,0.153846154,0,0.013115385,-0.030873016,-0.53968254,0.201294118,-0.640767196
170,0.203233256,-0.064665127,0.444818391,0.930715935,-0.080357143,0.023224018,-0.004367816,0.666666667,-0.049069196,-0.194942529
1787,-0.884615385,-0.230769231,0.18467037,4.153846154,-0.080357143,-0.014884615,-0.000873016,-0.53968254,0.228930804,-0.310767196
376,0.833333333,-0.333333333,-0.181181609,-4,-0.080357143,0.032,-0.034367816,-0.333333333,0.074930804,-0.404942529
1577,-2.166666667,-0.333333333,-0.219181609,-4,-0.080357143,0.032,0.065632184,-0.333333333,0.108930804,-0.164942529
1642,0.203233256,-0.064665127,0.03567037,1.930715935,-0.080357143,0.007224018,-0.050873016,-0.53968254,0.118930804,-0.480767196
337,0.203233256,-0.064665127,0.163818391,2.930715935,-0.080357143,0.010224018,-0.054367816,-0.333333333,-0.032069196,-0.004942529
493,-0.796766744,-0.064665127,-0.04532963,-2.069284065,-0.080357143,0.004224018,0.039126984,0.46031746,-0.127069196,-0.070767196
719,-0.796766744,-0.064665127,-0.05832963,-2.069284065,-0.080357143,0.001224018,0.049126984,0.46031746,-0.153069196,0.199232804
284,-0.796766744,-0.064665127,0.384818391,1.930715935,-0.080357143,0.024224018,0.025632184,-0.333333333,-0.072069196,-0.074942529
948,-0.796766744,-0.064665127,-0.06432963,-3.069284065,-0.080357143,0.113224018,-0.080873016,-0.53968254,0.148930804,-1.170767196
286,-0.796766744,-0.064665127,0.004818391,-0.069284065,-0.080357143,0.015224018,-0.024367816,-0.333333333,0.138930804,0.005057471
1664,0.833333333,-0.333333333,-0.20802963,0,-0.080357143,0.02,-0.000873016,-0.53968254,0.012930804,-0.490767196
953,-0.796766744,-0.064665127,-0.06732963,-1.069284065,-0.080357143,-0.009775982,0.019126984,0.46031746,-0.074069196,0.289232804
437,-0.796766744,-0.064665127,0.06767037,2.930715935,-0.080357143,-0.018775982,-0.020873016,-0.53968254,0.016930804,-0.030767196
1689,-2.166666667,-0.333333333,0.10867037,3,-0.080357143,-0.003,-0.020873016,-0.53968254,0.108930804,-0.020767196
1872,-0.884615385,-0.230769231,0.13767037,0.153846154,0,0.008115385,-0.050873016,-0.53968254,0.211294118,-0.610767196
1225,1.115384615,-0.230769231,-0.09832963,2.153846154,0,-0.011884615,-0.050873016,-0.53968254,0.061294118,-0.320767196
255,-0.796766744,-0.064665127,-0.248181609,-2.069284065,-0.080357143,0.029224018,-0.104367816,-0.333333333,0.039930804,-0.344942529
1859,-0.884615385,-0.230769231,0.04067037,-0.846153846,0,0.001115385,-0.020873016,-0.53968254,-0.113705882,-0.190767196
1423,-0.884615385,-0.230769231,0.13467037,1.153846154,0,0.003115385,-0.050873016,-0.53968254,0.051294118,-0.490767196
556,-0.796766744,-0.064665127,0.14267037,0.930715935,-0.080357143,-0.015775982,0.019126984,0.46031746,-0.056069196,0.039232804
803,-0.796766744,-0.064665127,-0.13032963,-1.069284065,-0.080357143,-0.012775982,0.009126984,0.46031746,-0.084069196,0.309232804
1739,1.115384615,-0.230769231,-0.20866963,5.153846154,0,-0.005884615,-0.010873016,-0.53968254,0.011294118,-0.360767196
1277,-0.884615385,-0.230769231,0.15567037,0.153846154,0,0.006115385,-0.040873016,-0.53968254,0.061294118,-0.500767196
845,-0.796766744,0.935334873,0.02467037,-1.069284065,0.919642857,-0.011775982,0.029126984,0.46031746,-0.093069196,0.629232804
1450,0.115384615,-0.230769231,-0.20738963,0.153846154,0,0.013115385,-0.030873016,-0.53968254,-0.030705882,-0.570767196
1765,0.115384615,-0.230769231,0.06567037,0.153846154,0,-0.005884615,-0.010873016,-0.53968254,0.181294118,-0.060767196
399,1.115384615,0.769230769,-0.088181609,2.153846154,0.919642857,0.003115385,0.025632184,-0.333333333,-0.014069196,-0.104942529
358,0.203233256,-0.064665127,0.025818391,1.930715935,-0.080357143,0.023224018,-0.064367816,-0.333333333,0.023930804,-0.394942529
256,0.203233256,0.935334873,-0.375081609,3.930715935,0.919642857,-0.005775982,0.045632184,-0.333333333,-0.105069196,-0.094942529
254,0.203233256,-0.064665127,-0.185181609,-2.069284065,-0.080357143,0.055224018,-0.024367816,-0.333333333,0.228930804,-0.554942529
1669,-2.166666667,-0.333333333,0.02167037,-5,-0.080357143,0.019,0.079126984,-0.53968254,0.148930804,-0.050767196
1166,0.115384615,-0.230769231,0.10867037,3.153846154,-0.080357143,-0.017884615,-0.020873016,-0.53968254,0.029930804,-0.230767196
345,-0.796766744,-0.064665127,-0.246181609,-3.069284065,-0.080357143,0.037224018,-0.074367816,-0.333333333,0.228930804,-0.644942529
821,-0.796766744,-0.064665127,-0.14652963,-1.069284065,-0.080357143,-0.011775982,0.009126984,0.46031746,0.078930804,-0.000767196
56,-0.796766744,-0.064665127,-0.193181609,-2.069284065,-0.080357143,0.098224018,-0.074367816,-0.333333333,0.168930804,-0.704942529
291,-0.796766744,-0.064665127,-0.297881609,-1.069284065,-0.080357143,0.014224018,-0.014367816,-0.333333333,0.358930804,0.085057471
2006,-0.884615385,-0.230769231,-0.05532963,-1.846153846,0,0.032115385,0.019126984,-0.53968254,-0.104705882,-0.590767196
357,-0.796766744,-0.064665127,-0.237181609,-0.069284065,-0.080357143,-0.000775982,-0.004367816,0.666666667,-0.057069196,0.055057471
407,0.115384615,-0.230769231,-0.048181609,1.153846154,-0.080357143,-0.023884615,-0.044367816,-0.333333333,-0.054069196,-0.094942529
1306,0.115384615,-0.230769231,0.15467037,0.153846154,0,0.009115385,-0.040873016,-0.53968254,-0.018705882,-0.220767196
549,-0.796766744,-0.064665127,-0.10832963,-1.069284065,-0.080357143,0.067224018,-0.060873016,-0.53968254,0.428930804,-0.820767196
1945,0.115384615,-0.230769231,-0.09532963,0.153846154,0,0.035115385,-0.110873016,-0.53968254,-0.154705882,-0.790767196
157,-0.796766744,-0.064665127,-0.221181609,-2.069284065,-0.080357143,0.004224018,0.095632184,0.666666667,-0.114069196,0.075057471
1734,-0.884615385,-0.230769231,0.08967037,0.153846154,0,0.030115385,-0.120873016,-0.53968254,0.021294118,-0.940767196
5,-0.796766744,-0.064665127,-0.131181609,-3.069284065,-0.080357143,0.031224018,-0.044367816,-0.333333333,0.158930804,-0.384942529
1743,0.115384615,-0.230769231,0.17167037,-0.846153846,0,-0.008884615,-0.030873016,-0.53968254,-0.008705882,-0.080767196
1762,0.115384615,-0.230769231,-0.06932963,2.153846154,0,0.006115385,-0.070873016,-0.53968254,0.011294118,-0.250767196
997,-0.796766744,-0.064665127,0.24867037,-2.069284065,-0.080357143,0.014224018,0.029126984,-0.53968254,0.158930804,-0.230767196
573,-0.796766744,0.935334873,-0.01332963,1.930715935,0.919642857,-0.005775982,-0.010873016,-0.53968254,0.128930804,-0.070767196
901,-0.796766744,-0.064665127,0.00867037,-1.069284065,-0.080357143,-0.015775982,-0.000873016,0.46031746,-0.110069196,0.639232804
1037,-0.796766744,-0.064665127,-0.18672963,-2.069284065,-0.080357143,0.000224018,0.019126984,0.46031746,-0.062069196,0.219232804
1711,-2.166666667,-0.333333333,0.18467037,-6,-0.080357143,0.01,-0.020873016,-0.53968254,0.138930804,0.109232804
1988,-0.884615385,-0.230769231,0.13367037,2.153846154,0,-0.023884615,-0.010873016,-0.53968254,0.021294118,-0.540767196
608,-0.796766744,-0.064665127,-0.15242963,-1.069284065,-0.080357143,-0.009775982,-0.000873016,0.46031746,0.036930804,-0.000767196
716,0.203233256,1.935334873,0.04667037,-2.069284065,1.919642857,0.019224018,0.039126984,-0.53968254,0.098930804,-0.010767196
326,-0.796766744,-0.064665127,-0.221181609,-1.069284065,-0.080357143,0.016224018,-0.014367816,-0.333333333,0.228930804,-0.084942529
193,-0.796766744,-0.064665127,-0.175181609,0.930715935,-0.080357143,0.002224018,-0.004367816,-0.333333333,0.378930804,0.415057471
1984,-0.884615385,-0.230769231,0.22067037,2.153846154,0,-0.010884615,-0.050873016,-0.53968254,-0.186705882,-0.040767196
950,1.203233256,-0.064665127,0.07067037,3.930715935,-0.080357143,-0.011775982,-0.020873016,-0.53968254,0.138930804,-0.080767196
658,-0.796766744,-0.064665127,0.04767037,-1.069284065,-0.080357143,-0.010775982,0.019126984,0.46031746,0.004930804,0.359232804
261,-0.796766744,-0.064665127,-0.275181609,-1.069284065,-0.080357143,0.011224018,0.005632184,-0.333333333,0.218930804,-0.024942529
828,-0.796766744,-0.064665127,-0.15942963,-1.069284065,-0.080357143,-0.007775982,0.049126984,0.46031746,-0.068069196,-0.020767196
189,1.203233256,-0.064665127,-0.338281609,-0.069284065,-0.080357143,0.000224018,-0.094367816,-0.333333333,0.078930804,0.465057471
1419,-0.884615385,-0.230769231,-0.13762963,1.153846154,0,0.005115385,-0.020873016,-0.53968254,0.121294118,-0.500767196
1954,0.115384615,-0.230769231,0.19567037,1.153846154,0,-0.004884615,-0.040873016,-0.53968254,-0.052705882,-0.140767196
667,-0.796766744,-0.064665127,-0.07032963,-2.069284065,-0.080357143,-0.001775982,0.019126984,0.46031746,-0.130069196,0.209232804
1032,0.203233256,-0.064665127,0.19267037,1.930715935,-0.080357143,-0.007775982,-0.040873016,-0.53968254,0.006930804,0.119232804
410,0.115384615,-0.230769231,-0.042181609,5.153846154,-0.080357143,0.009115385,0.015632184,-0.333333333,0.218930804,-0.164942529
1246,0.115384615,-0.230769231,-0.13962963,2.153846154,0,-0.000884615,-0.070873016,-0.53968254,0.021294118,0.189232804
1636,2.203233256,-0.064665127,-0.02532963,7.930715935,-0.080357143,0.040224018,-0.080873016,-0.53968254,0.098930804,-0.260767196
129,-0.796766744,-0.064665127,-0.066181609,-3.069284065,-0.080357143,0.055224018,-0.074367816,-0.333333333,0.248930804,-0.434942529
1153,-0.884615385,-0.230769231,0.23067037,0.153846154,0,-0.020884615,-0.080873016,-0.53968254,-0.148705882,-0.260767196
1929,1.115384615,-0.230769231,-0.14732963,1.153846154,0,-0.013884615,-0.060873016,-0.53968254,-0.046705882,-0.220767196
534,1.203233256,-0.064665127,-0.09132963,-0.069284065,-0.080357143,0.001224018,0.049126984,-0.53968254,0.248930804,-0.290767196
1178,2.115384615,-0.230769231,-0.08332963,3.153846154,0,-0.002884615,-0.040873016,-0.53968254,0.041294118,-0.360767196
1455,-0.884615385,-0.230769231,0.08567037,2.153846154,0,-0.020884615,0.099126984,-0.53968254,-0.101705882,-0.070767196
552,-0.796766744,-0.064665127,0.05467037,-1.069284065,-0.080357143,-0.010775982,0.049126984,0.46031746,0.002930804,0.389232804
305,-0.796766744,-0.064665127,-0.266181609,-3.069284065,-0.080357143,0.024224018,-0.084367816,-0.333333333,0.188930804,-0.464942529
1016,-0.796766744,-0.064665127,0.24867037,-2.069284065,-0.080357143,0.014224018,0.029126984,-0.53968254,0.158930804,-0.230767196
1510,0.203233256,-0.064665127,-0.383541609,0.930715935,-0.080357143,0.008224018,-0.094367816,-0.333333333,0.098930804,0.325057471
1180,1.115384615,-0.230769231,-0.09532963,2.153846154,0,-0.007884615,-0.040873016,-0.53968254,-0.076705882,-0.260767196
1127,-2.166666667,-0.333333333,0.17467037,1,-0.080357143,0.009,-0.090873016,-0.53968254,0.128930804,-0.230767196
861,-0.796766744,-0.064665127,0.14067037,-2.069284065,-0.080357143,0.022224018,0.029126984,-0.53968254,0.049930804,-0.280767196
630,-0.796766744,-0.064665127,-0.08332963,-1.069284065,-0.080357143,-0.013775982,0.019126984,0.46031746,-0.045069196,0.459232804
1339,-0.884615385,-0.230769231,0.07467037,-1.846153846,0,0.005115385,-0.080873016,-0.53968254,-0.008705882,-0.020767196
1213,-0.884615385,-0.230769231,-0.16922963,0.153846154,0,0.015115385,-0.190873016,-0.53968254,-0.055705882,-0.920767196
602,-0.796766744,-0.064665127,-0.07032963,-2.069284065,-0.080357143,-0.001775982,0.019126984,0.46031746,-0.130069196,0.209232804
731,-0.796766744,-0.064665127,-0.07032963,-1.069284065,-0.080357143,-0.001775982,0.049126984,0.46031746,-0.003069196,-0.100767196
1251,0.115384615,-0.230769231,-0.00432963,-1.846153846,0,-0.000884615,-0.080873016,-0.53968254,0.091294118,-0.360767196
295,0.203233256,0.935334873,-0.197181609,-2.069284065,0.919642857,0.039224018,0.065632184,-0.333333333,-0.015069196,-0.254942529
131,-0.796766744,-0.064665127,-0.272181609,0.930715935,-0.080357143,0.006224018,0.005632184,-0.333333333,0.348930804,0.215057471
1259,2.115384615,-0.230769231,-0.10632963,4.153846154,0,-0.015884615,-0.030873016,-0.53968254,-0.041705882,0.079232804
90,-0.796766744,-0.064665127,-0.269181609,-3.069284065,-0.080357143,0.054224018,-0.034367816,-0.333333333,0.108930804,-0.714942529
2009,-0.884615385,-0.230769231,-0.16592963,2.153846154,0,0.001115385,0.109126984,-0.53968254,-0.018705882,-0.100767196
250,-0.796766744,-0.064665127,-0.182181609,-1.069284065,-0.080357143,0.009224018,-0.004367816,-0.333333333,0.338930804,0.255057471
607,0.203233256,-0.064665127,-0.16662963,0.930715935,-0.080357143,-0.013775982,0.019126984,0.46031746,0.108930804,0.079232804
749,0.203233256,-0.064665127,0.10567037,2.930715935,-0.080357143,0.006224018,-0.030873016,-0.53968254,0.014930804,-0.150767196
1802,0.115384615,-0.230769231,0.24967037,1.153846154,0,-0.023884615,-0.040873016,-0.53968254,0.021294118,0.069232804
102,-0.796766744,-0.064665127,0.203818391,-0.069284065,-0.080357143,0.035224018,0.025632184,-0.333333333,-0.014069196,-0.544942529
1278,-0.884615385,-0.230769231,0.09767037,2.153846154,0,-0.020884615,-0.070873016,-0.53968254,0.141294118,-0.400767196
1015,1.203233256,-0.064665127,0.19167037,2.930715935,-0.080357143,-0.011775982,-0.060873016,-0.53968254,0.009930804,-0.160767196
122,-0.796766744,-0.064665127,-0.240181609,-3.069284065,-0.080357143,0.046224018,-0.084367816,-0.333333333,0.108930804,-0.694942529
1012,1.203233256,-0.064665127,0.11667037,-0.069284065,-0.080357143,-0.006775982,-0.050873016,-0.53968254,0.066930804,-0.390767196
355,-0.796766744,-0.064665127,-0.240181609,-3.069284065,-0.080357143,0.113224018,-0.124367816,-0.333333333,0.138930804,-0.864942529
882,-0.796766744,-0.064665127,-0.07432963,-1.069284065,-0.080357143,-0.000775982,0.019126984,0.46031746,-0.124069196,-0.020767196
149,-0.796766744,-0.064665127,-0.175181609,-1.069284065,-0.080357143,0.006224018,0.005632184,-0.333333333,0.368930804,0.495057471
1188,-0.884615385,-0.230769231,-0.04632963,-1.846153846,0,0.036115385,-0.070873016,-0.53968254,0.081294118,-1.150767196
1922,0.115384615,-0.230769231,0.20867037,0.153846154,0,-0.006884615,-0.030873016,-0.53968254,0.141294118,-0.210767196
1562,-1.166666667,-0.333333333,-0.290181609,-2,-0.080357143,0.017,-0.024367816,-0.333333333,0.098930804,-0.094942529
246,-0.796766744,-0.064665127,-0.160181609,-3.069284065,-0.080357143,0.039224018,-0.074367816,-0.333333333,0.078930804,-0.694942529
167,0.203233256,-0.064665127,0.040818391,0.930715935,-0.080357143,0.030224018,-0.064367816,-0.333333333,-0.115069196,-0.414942529
490,-0.796766744,-0.064665127,-0.06832963,-2.069284065,-0.080357143,-0.003775982,-0.000873016,0.46031746,-0.059069196,-0.140767196
1381,1.115384615,-0.230769231,-0.11432963,-0.846153846,0,-0.025884615,-0.040873016,-0.53968254,0.171294118,-0.030767196
1433,-0.884615385,-0.230769231,0.21467037,0.153846154,0,0.006115385,-0.040873016,-0.53968254,-0.213705882,-0.370767196
926,0.203233256,-0.064665127,-0.01932963,-2.069284065,-0.080357143,0.075224018,-0.090873016,-0.53968254,0.020930804,-0.660767196
174,-0.796766744,-0.064665127,-0.277181609,-1.069284065,-0.080357143,0.019224018,-0.034367816,-0.333333333,0.408930804,0.055057471
311,-0.796766744,-0.064665127,0.343818391,2.930715935,-0.080357143,0.019224018,0.005632184,-0.333333333,-0.034069196,-0.244942529
1835,-0.884615385,-0.230769231,-0.21343963,-1.846153846,0,-0.001884615,-0.090873016,-0.53968254,0.031294118,-0.460767196
539,1.203233256,-0.064665127,0.06967037,0.930715935,-0.080357143,0.041224018,-0.060873016,-0.53968254,-0.048069196,-0.570767196
606,0.203233256,-0.064665127,-0.07432963,0.930715935,-0.080357143,-0.000775982,0.019126984,0.46031746,-0.107069196,-0.000767196
699,-0.796766744,-0.064665127,-0.04532963,-2.069284065,-0.080357143,0.004224018,0.099126984,0.46031746,-0.114069196,-0.120767196
1900,-0.884615385,-0.230769231,-0.17322963,4.153846154,0,0.014115385,0.129126984,-0.53968254,-0.035705882,-0.150767196
1506,-0.796766744,-0.064665127,-0.211181609,-2.069284065,-0.080357143,0.034224018,-0.024367816,-0.333333333,0.078930804,-0.214942529
1549,-2.166666667,-0.333333333,-0.382211609,-6,-0.080357143,0.055,-0.084367816,-0.333333333,-0.056069196,-0.754942529
1772,-0.884615385,-0.230769231,-0.20859963,0.153846154,0,0.017115385,-0.130873016,-0.53968254,0.091294118,-0.950767196
470,-0.796766744,-0.064665127,-0.15112963,-0.069284065,-0.080357143,-0.000775982,0.029126984,0.46031746,-0.023069196,-0.040767196
851,-0.796766744,-0.064665127,-0.10632963,0.930715935,-0.080357143,-0.001775982,-0.010873016,0.46031746,-0.190069196,0.139232804
1151,-0.884615385,-0.230769231,0.16467037,-0.846153846,0,0.007115385,-0.090873016,-0.53968254,0.051294118,-0.610767196
423,0.115384615,-0.230769231,-0.096181609,0.153846154,-0.080357143,0.011115385,-0.094367816,-0.333333333,0.108930804,-0.454942529
1705,-1.166666667,-0.333333333,-0.15792963,-2,-0.080357143,0.041,-0.100873016,-0.53968254,0.308930804,-0.510767196
636,-0.796766744,-0.064665127,-0.14602963,-1.069284065,-0.080357143,-0.007775982,0.029126984,0.46031746,-0.104069196,0.359232804
41,0.203233256,-0.064665127,0.118818391,-0.069284065,-0.080357143,0.005224018,-0.054367816,-0.333333333,0.098930804,-0.014942529
1887,0.115384615,-0.230769231,0.32767037,4.153846154,0,0.008115385,-0.040873016,-0.53968254,-0.107705882,-0.230767196
1238,-0.884615385,-0.230769231,0.21867037,0.153846154,0,0.006115385,-0.050873016,-0.53968254,-0.050705882,-0.420767196
886,-0.796766744,-0.064665127,-0.06232963,1.930715935,-0.080357143,-0.012775982,0.009126984,0.46031746,-0.054069196,0.389232804
1589,-1.166666667,-0.333333333,-0.370981609,-4,-0.080357143,0.008,-0.064367816,-0.333333333,0.138930804,0.625057471
1302,-0.884615385,-0.230769231,-0.04632963,-1.846153846,0,0.027115385,-0.070873016,-0.53968254,0.171294118,-0.910767196
522,-0.796766744,-0.064665127,-0.08532963,-0.069284065,-0.080357143,0.068224018,-0.020873016,-0.53968254,0.298930804,-0.440767196
76,-0.796766744,-0.064665127,-0.261181609,-0.069284065,-0.080357143,0.068224018,-0.024367816,-0.333333333,0.298930804,-0.244942529
744,0.203233256,-0.064665127,0.05667037,1.930715935,-0.080357143,-0.008775982,0.059126984,-0.53968254,0.238930804,-0.070767196
1463,-0.884615385,-0.230769231,-0.12692963,0.153846154,0,0.020115385,-0.110873016,-0.53968254,-0.107705882,-0.800767196
915,-0.796766744,-0.064665127,0.16167037,1.930715935,-0.080357143,-0.001775982,0.059126984,-0.53968254,0.067930804,0.019232804
575,0.203233256,0.935334873,0.08767037,-2.069284065,0.919642857,0.027224018,0.019126984,-0.53968254,0.098930804,-0.390767196
4,-0.796766744,-0.064665127,0.301818391,3.930715935,-0.080357143,0.028224018,0.015632184,-0.333333333,0.000930804,-0.114942529
1687,-2.166666667,-0.333333333,0.23267037,-1,-0.080357143,0.009,-0.040873016,-0.53968254,0.138930804,-0.150767196
650,-0.796766744,-0.064665127,-0.14372963,-1.069284065,-0.080357143,-0.003775982,0.029126984,0.46031746,-0.042069196,-0.020767196
1067,-0.796766744,-0.064665127,-0.12922963,-1.069284065,-0.080357143,-0.005775982,0.029126984,0.46031746,-0.079069196,-0.040767196
1452,0.115384615,-0.230769231,-0.05732963,-1.846153846,0,-0.007884615,-0.030873016,-0.53968254,0.131294118,-0.180767196
2012,0.115384615,-0.230769231,0.44867037,2.153846154,0,0.017115385,-0.090873016,-0.53968254,-0.139705882,-0.500767196
662,0.203233256,-0.064665127,-0.20768963,-1.069284065,-0.080357143,0.008224018,-0.100873016,-0.53968254,0.078930804,0.139232804
910,-0.796766744,-0.064665127,-0.03032963,-2.069284065,-0.080357143,0.008224018,0.029126984,0.46031746,-0.125069196,-0.250767196
1402,-0.884615385,-0.230769231,0.21867037,0.153846154,0,-0.000884615,-0.050873016,-0.53968254,0.021294118,0.069232804
1385,-0.884615385,-0.230769231,-0.05332963,1.153846154,0,0.015115385,-0.010873016,-0.53968254,0.111294118,-0.540767196
1800,-0.884615385,-0.230769231,-0.07732963,-1.846153846,0,0.034115385,-0.020873016,-0.53968254,0.121294118,-0.970767196
510,0.203233256,0.935334873,-0.02132963,-2.069284065,0.919642857,0.039224018,0.059126984,-0.53968254,0.031930804,-0.300767196
1575,-2.166666667,-0.333333333,0.358818391,-4,-0.080357143,0.025,-0.034367816,-0.333333333,0.019930804,0.015057471
93,-0.796766744,-0.064665127,-0.076181609,0.930715935,-0.080357143,0.008224018,-0.044367816,-0.333333333,0.408930804,-0.024942529
83,-0.796766744,-0.064665127,0.072818391,-2.069284065,-0.080357143,0.014224018,0.025632184,-0.333333333,0.158930804,-0.034942529
1297,-0.884615385,-0.230769231,0.07967037,-1.846153846,0,0.011115385,-0.090873016,-0.53968254,-0.018705882,-0.780767196
1844,2.115384615,-0.230769231,-0.18992963,4.153846154,-0.080357143,-0.003884615,-0.020873016,-0.53968254,0.108930804,-0.170767196
2021,0.115384615,-0.230769231,-0.20683963,2.153846154,0,-0.023884615,-0.050873016,-0.53968254,0.071294118,-0.120767196
597,-0.796766744,-0.064665127,-0.09032963,-0.069284065,-0.080357143,-0.004775982,0.019126984,0.46031746,-0.084069196,-0.030767196
1754,-0.884615385,-0.230769231,-0.01532963,-1.846153846,0,-0.020884615,-0.050873016,-0.53968254,0.061294118,-0.560767196
796,0.203233256,-0.064665127,-0.12952963,1.930715935,-0.080357143,-0.007775982,0.069126984,0.46031746,-0.044069196,0.099232804
797,0.203233256,0.935334873,-0.02132963,-2.069284065,0.919642857,0.048224018,0.039126984,-0.53968254,0.029930804,-0.520767196
1623,2.203233256,-0.064665127,-0.02332963,6.930715935,-0.080357143,0.050224018,-0.080873016,-0.53968254,0.128930804,-0.230767196
1440,-0.884615385,-0.230769231,0.13467037,0.153846154,0,0.008115385,-0.080873016,-0.53968254,-0.095705882,-0.600767196
1410,-0.884615385,-0.230769231,0.20667037,0.153846154,0,0.014115385,-0.070873016,-0.53968254,-0.128705882,-0.460767196
1061,-0.796766744,-0.064665127,-0.17462963,-0.069284065,-0.080357143,-0.003775982,0.019126984,0.46031746,-0.119069196,-0.030767196
245,-0.796766744,-0.064665127,-0.216181609,-2.069284065,-0.080357143,0.080224018,-0.074367816,-0.333333333,0.188930804,-0.574942529
8,0.203233256,0.935334873,-0.197181609,-2.069284065,0.919642857,0.048224018,0.035632184,-0.333333333,0.029930804,-0.324942529
1249,-0.884615385,-0.230769231,0.08467037,-1.846153846,0,0.022115385,-0.040873016,-0.53968254,0.051294118,-0.550767196
1459,-0.884615385,-0.230769231,0.21967037,0.153846154,0,0.005115385,-0.040873016,-0.53968254,0.071294118,-0.250767196
677,0.203233256,-0.064665127,0.29767037,1.930715935,-0.080357143,-0.002775982,-0.050873016,-0.53968254,0.098930804,-0.020767196
1396,0.115384615,-0.230769231,0.21267037,3.153846154,0,-0.001884615,-0.070873016,-0.53968254,0.111294118,-0.540767196
1318,-0.884615385,-0.230769231,-0.10332963,-1.846153846,0,0.039115385,-0.020873016,-0.53968254,-0.066705882,-0.900767196
578,-0.796766744,-0.064665127,-0.18192963,-1.069284065,-0.080357143,-0.006775982,0.019126984,0.46031746,-0.155069196,0.339232804
1602,-0.884615385,-0.230769231,-0.046181609,2.153846154,-0.080357143,0.000115385,-0.014367816,-0.333333333,0.198930804,-0.124942529
725,-0.796766744,-0.064665127,0.11367037,1.930715935,-0.080357143,0.002224018,-0.010873016,-0.53968254,0.060930804,-0.280767196
1426,-0.884615385,-0.230769231,-0.04732963,0.153846154,0,0.022115385,-0.030873016,-0.53968254,0.181294118,-0.500767196
1569,-1.166666667,-0.333333333,-0.333781609,-2,-0.080357143,0.041,-0.104367816,-0.333333333,0.308930804,-0.314942529
1370,-0.884615385,-0.230769231,-0.01232963,2.153846154,-0.080357143,-0.015884615,-0.110873016,-0.53968254,-0.045069196,-0.560767196
2000,-0.884615385,-0.230769231,-0.03832963,-0.846153846,0,-0.004884615,-0.050873016,-0.53968254,0.121294118,-0.360767196
791,0.203233256,-0.064665127,0.09667037,1.930715935,-0.080357143,0.001224018,-0.020873016,-0.53968254,-6.92E-05,0.079232804
75,-0.796766744,-0.064665127,-0.330481609,-2.069284065,-0.080357143,0.054224018,-0.084367816,-0.333333333,0.057930804,-0.434942529
1877,0.115384615,-0.230769231,-0.09232963,0.153846154,0,0.029115385,-0.090873016,-0.53968254,0.081294118,-0.670767196
973,0.203233256,-0.064665127,0.37067037,1.930715935,-0.080357143,0.001224018,-0.010873016,-0.53968254,0.168930804,0.139232804
228,-0.796766744,-0.064665127,-0.035181609,-1.069284065,-0.080357143,0.022224018,0.025632184,-0.333333333,0.043930804,-0.064942529
1314,0.115384615,-0.230769231,-0.10732963,0.153846154,0,0.010115385,-0.040873016,-0.53968254,0.031294118,-0.720767196
1214,-0.884615385,-0.230769231,-0.16412963,-1.846153846,0,0.012115385,-0.090873016,-0.53968254,-0.113705882,-0.640767196
1567,-1.166666667,-0.333333333,0.109818391,0,-0.080357143,-0.01,-0.004367816,-0.333333333,0.054930804,0.085057471
1445,-0.884615385,-0.230769231,0.20567037,0.153846154,0,0.011115385,-0.060873016,-0.53968254,-0.101705882,-0.260767196
1555,0.833333333,-0.333333333,-0.383881609,0,-0.080357143,0.02,-0.004367816,-0.333333333,0.012930804,-0.294942529
1241,-0.884615385,-0.230769231,0.23667037,2.153846154,0,0.001115385,-0.050873016,-0.53968254,-0.033705882,-0.310767196
509,0.203233256,-0.064665127,0.19367037,-0.069284065,-0.080357143,0.028224018,-0.050873016,-0.53968254,0.118930804,-0.390767196
1274,-0.884615385,-0.230769231,0.21267037,0.153846154,0,-0.003884615,-0.040873016,-0.53968254,-0.071705882,0.229232804
441,0.203233256,-0.064665127,-0.16432963,-2.069284065,-0.080357143,0.062224018,-0.070873016,-0.53968254,0.078930804,-0.650767196
475,-0.796766744,-0.064665127,-0.12982963,-0.069284065,-0.080357143,-0.002775982,0.019126984,0.46031746,-0.125069196,-0.050767196
581,-0.796766744,-0.064665127,-0.11562963,1.930715935,-0.080357143,-0.013775982,-0.000873016,0.46031746,0.036930804,0.379232804
1645,2.203233256,-0.064665127,-0.02932963,9.930715935,-0.080357143,0.029224018,-0.000873016,-0.53968254,0.178930804,-0.080767196
621,-0.796766744,-0.064665127,-0.09032963,-2.069284065,-0.080357143,-0.004775982,0.119126984,0.46031746,0.068930804,-0.070767196
1282,0.115384615,-0.230769231,-0.17252963,0.153846154,0,-0.017884615,-0.060873016,-0.53968254,-0.039705882,-0.260767196
68,-0.796766744,-0.064665127,-0.300981609,-3.069284065,-0.080357143,0.130224018,-0.074367816,-0.333333333,0.218930804,-1.244942529
1590,-1.166666667,-0.333333333,0.159818391,4,-0.080357143,-0.01,-0.084367816,-0.333333333,0.053930804,0.025057471
92,-0.796766744,-0.064665127,0.053818391,5.930715935,-0.080357143,0.017224018,-0.004367816,-0.333333333,-0.040069196,0.005057471
975,3.203233256,-0.064665127,0.10067037,-1.069284065,-0.080357143,0.002224018,-0.030873016,-0.53968254,0.158930804,-0.310767196
986,0.203233256,-0.064665127,0.07367037,1.930715935,-0.080357143,-0.008775982,-0.050873016,-0.53968254,0.030930804,0.219232804
1227,-0.884615385,-0.230769231,0.22767037,0.153846154,0,-0.022884615,-0.060873016,-0.53968254,-0.073705882,-0.270767196
1558,-0.166666667,0.666666667,0.338818391,13,0.919642857,-0.044,0.045632184,-0.333333333,-0.040069196,0.275057471
210,-0.796766744,-0.064665127,-0.213181609,-1.069284065,-0.080357143,0.033224018,-0.084367816,-0.333333333,0.238930804,-0.624942529
264,-0.796766744,-0.064665127,-0.304281609,-1.069284065,-0.080357143,0.019224018,-0.024367816,-0.333333333,0.388930804,-0.104942529
1414,0.115384615,-0.230769231,-0.21432963,-1.846153846,0,0.036115385,-0.060873016,-0.53968254,0.151294118,-1.010767196
186,-0.796766744,-0.064665127,-0.165181609,-1.069284065,-0.080357143,0.009224018,-0.004367816,-0.333333333,0.388930804,0.275057471
632,0.203233256,-0.064665127,-0.09232963,-0.069284065,-0.080357143,-0.001775982,0.029126984,0.46031746,0.001930804,-0.050767196
1499,0.203233256,-0.064665127,-0.339781609,1.930715935,-0.080357143,0.000224018,-0.074367816,-0.333333333,0.098930804,0.475057471
1048,0.203233256,-0.064665127,0.10567037,0.930715935,-0.080357143,0.006224018,-0.030873016,-0.53968254,-0.002069196,-0.200767196
1995,-0.884615385,-0.230769231,-0.15242963,-0.846153846,0,0.011115385,0.069126984,-0.53968254,-0.175705882,-0.650767196
88,-0.796766744,-0.064665127,-0.184181609,-2.069284065,-0.080357143,0.050224018,-0.074367816,-0.333333333,0.218930804,-0.434942529
1585,-2.166666667,-0.333333333,-0.154181609,-5,-0.080357143,0.019,0.075632184,-0.333333333,0.148930804,0.145057471
1189,-0.884615385,-0.230769231,0.04767037,-1.846153846,0,-0.011884615,-0.090873016,-0.53968254,0.111294118,-0.640767196
1229,-0.884615385,-0.230769231,0.18167037,-0.846153846,0,0.002115385,-0.050873016,-0.53968254,-0.028705882,-0.450767196
1626,-0.796766744,-0.064665127,0.17067037,0.930715935,-0.080357143,0.008224018,-0.040873016,-0.53968254,0.108930804,-0.220767196
717,0.203233256,-0.064665127,0.13267037,4.930715935,-0.080357143,0.003224018,-0.030873016,-0.53968254,0.020930804,0.039232804
563,-0.796766744,-0.064665127,-0.08732963,-2.069284065,-0.080357143,0.101224018,-0.130873016,-0.53968254,0.208930804,-1.100767196
354,-0.796766744,-0.064665127,-0.243181609,-3.069284065,-0.080357143,0.023224018,-0.094367816,-0.333333333,0.218930804,-0.424942529
1841,0.115384615,-0.230769231,-0.06432963,7.153846154,0,-0.021884615,-0.010873016,-0.53968254,-0.161705882,0.059232804
393,-2.166666667,-0.333333333,0.019818391,-4,-0.080357143,0.033,-0.044367816,-0.333333333,0.168930804,-0.034942529
866,-0.796766744,-0.064665127,0.06967037,-1.069284065,-0.080357143,-0.011775982,0.049126984,0.46031746,0.088930804,0.309232804
501,-0.796766744,-0.064665127,-0.11862963,-2.069284065,-0.080357143,0.080224018,-0.070873016,-0.53968254,0.188930804,-0.780767196
1509,-0.796766744,-0.064665127,-0.217181609,-3.069284065,-0.080357143,0.052224018,-0.004367816,-0.333333333,0.108930804,-0.434942529
1583,-1.166666667,-0.333333333,-0.029181609,0,-0.080357143,0.009,-0.064367816,-0.333333333,0.108930804,-0.144942529
836,-0.796766744,-0.064665127,0.06567037,3.930715935,-0.080357143,-0.018775982,-0.030873016,-0.53968254,0.029930804,-0.030767196
977,-0.796766744,-0.064665127,-0.19062963,-1.069284065,-0.080357143,0.000224018,0.019126984,0.46031746,0.108930804,-0.030767196
1960,-0.884615385,-0.230769231,0.04067037,-1.846153846,0,0.023115385,0.059126984,-0.53968254,-0.070705882,-0.640767196
1678,-2.166666667,-0.333333333,-0.20635963,-6,-0.080357143,0.055,-0.080873016,-0.53968254,-0.056069196,-0.950767196
503,-0.796766744,-0.064665127,0.03967037,1.930715935,-0.080357143,0.001224018,-0.010873016,-0.53968254,0.088930804,0.229232804
1232,-0.884615385,-0.230769231,0.07567037,0.153846154,0,0.007115385,0.049126984,-0.53968254,0.021294118,-0.470767196
789,-0.796766744,-0.064665127,-0.04532963,-2.069284065,-0.080357143,0.004224018,0.099126984,0.46031746,-0.114069196,-0.120767196
697,-0.796766744,-0.064665127,0.11067037,1.930715935,-0.080357143,0.002224018,-0.040873016,-0.53968254,0.057930804,-0.250767196
389,-2.166666667,-0.333333333,-0.106181609,0,-0.080357143,0.004,-0.074367816,-0.333333333,0.018930804,0.115057471
865,-0.796766744,-0.064665127,-0.09932963,-1.069284065,-0.080357143,-0.005775982,0.009126984,0.46031746,-0.062069196,0.109232804
649,2.203233256,-0.064665127,0.15567037,4.930715935,-0.080357143,-0.028775982,-0.010873016,-0.53968254,0.050930804,0.089232804
994,-0.796766744,-0.064665127,-0.10832963,-2.069284065,-0.080357143,0.000224018,-0.000873016,0.46031746,-0.120069196,0.209232804
1395,-0.884615385,-0.230769231,-0.07532963,-1.846153846,0,0.003115385,-0.020873016,-0.53968254,-0.069705882,-0.420767196
1443,0.115384615,-0.230769231,0.21467037,1.153846154,0,0.001115385,-0.050873016,-0.53968254,-0.028705882,-0.010767196
1484,1.115384615,-0.230769231,0.12167037,1.153846154,-0.080357143,-0.011884615,0.009126984,-0.53968254,0.158930804,-0.400767196
1474,-0.884615385,-0.230769231,0.09467037,-1.846153846,0,0.004115385,-0.050873016,-0.53968254,-0.076705882,-0.470767196
420,0.115384615,-0.230769231,-0.042181609,3.153846154,-0.080357143,0.009115385,0.015632184,-0.333333333,0.198930804,-0.234942529
1523,-2.166666667,-0.333333333,-0.001181609,1,-0.080357143,0.009,-0.094367816,-0.333333333,0.128930804,-0.034942529
1978,0.115384615,-0.230769231,0.22867037,1.153846154,0,-0.004884615,-0.020873016,-0.53968254,0.121294118,0.169232804
1136,0.115384615,-0.230769231,-0.02332963,6.153846154,0,-0.011884615,-0.020873016,-0.53968254,0.071294118,0.079232804
169,1.203233256,-0.064665127,0.010818391,2.930715935,-0.080357143,-0.010775982,-0.064367816,-0.333333333,-0.016069196,0.095057471
1024,1.203233256,-0.064665127,0.33867037,0.930715935,-0.080357143,0.008224018,-0.080873016,-0.53968254,0.108930804,-0.300767196
1554,-0.166666667,-0.333333333,0.062818391,-1,-0.080357143,0.024,0.035632184,-0.333333333,0.071930804,0.285057471
1861,-0.884615385,-0.230769231,-0.07932963,0.153846154,0,0.028115385,-0.120873016,-0.53968254,-0.127705882,-0.550767196
1196,1.115384615,-0.230769231,0.10567037,1.153846154,-0.080357143,-0.009884615,0.029126984,-0.53968254,0.268930804,-0.420767196
2001,-0.884615385,-0.230769231,0.08667037,-1.846153846,0,0.032115385,-0.050873016,-0.53968254,0.061294118,-0.750767196
1424,-0.884615385,-0.230769231,0.00967037,-0.846153846,0,-0.031884615,-0.070873016,-0.53968254,0.001294118,-0.320767196
153,0.203233256,-0.064665127,0.019818391,-1.069284065,-0.080357143,0.046224018,-0.104367816,-0.333333333,-0.058069196,-0.314942529
378,-1.166666667,-0.333333333,-0.220181609,2,-0.080357143,0.006,-0.054367816,-0.333333333,0.168930804,0.105057471
392,-0.166666667,0.666666667,-0.385651609,4,0.919642857,0,0.075632184,-0.333333333,-0.081069196,0.015057471
1775,1.115384615,-0.230769231,0.12067037,0.153846154,0,0.014115385,-0.040873016,-0.53968254,-0.033705882,-0.120767196
1823,-0.884615385,-0.230769231,0.09167037,-1.846153846,0,0.026115385,-0.070873016,-0.53968254,0.101294118,-0.670767196
1247,-0.884615385,-0.230769231,0.27167037,1.153846154,0,-0.028884615,-0.080873016,-0.53968254,-0.163705882,-0.080767196
15,-0.796766744,-0.064665127,-0.149181609,-0.069284065,-0.080357143,0.037224018,-0.044367816,-0.333333333,0.042930804,-0.274942529
1165,-0.884615385,-0.230769231,0.21967037,0.153846154,0,-0.015884615,-0.050873016,-0.53968254,-0.008705882,-0.260767196
899,-0.796766744,-0.064665127,-0.17522963,-1.069284065,-0.080357143,-0.009775982,0.009126984,0.46031746,0.088930804,-0.020767196
1425,0.115384615,-0.230769231,-0.16662963,4.153846154,0,0.007115385,-0.070873016,-0.53968254,0.101294118,-0.290767196
1177,-0.884615385,-0.230769231,0.07367037,0.153846154,0,-0.000884615,0.039126984,-0.53968254,0.061294118,-0.330767196
1413,-0.884615385,-0.230769231,-0.16582963,3.153846154,0,-0.017884615,-0.050873016,-0.53968254,-0.129705882,-0.260767196
706,-0.796766744,-0.064665127,-0.18882963,-2.069284065,-0.080357143,-0.002775982,-0.000873016,0.46031746,-0.094069196,-0.120767196
217,-0.796766744,-0.064665127,0.377818391,1.930715935,-0.080357143,0.023224018,0.005632184,-0.333333333,-0.066069196,-0.114942529
2024,1.115384615,-0.230769231,0.09967037,1.153846154,-0.080357143,-0.003884615,0.029126984,-0.53968254,0.288930804,-0.410767196
1112,-0.166666667,-0.333333333,0.05467037,1,-0.080357143,0.013,-0.020873016,-0.53968254,0.138930804,-0.050767196
816,2.203233256,-0.064665127,0.15167037,1.930715935,-0.080357143,-0.000775982,-0.040873016,-0.53968254,-0.071069196,-0.090767196
2018,-0.884615385,-0.230769231,-0.07732963,-1.846153846,0,0.113115385,-0.020873016,-0.53968254,0.031294118,-1.240767196
1643,0.203233256,-0.064665127,-0.20122963,-0.069284065,-0.080357143,0.004224018,-0.020873016,-0.53968254,0.148930804,0.099232804
527,-0.796766744,-0.064665127,0.06267037,5.930715935,-0.080357143,-0.018775982,0.009126984,-0.53968254,-0.004069196,0.049232804
1792,-0.884615385,-0.230769231,0.01667037,-1.846153846,0,0.000115385,-0.110873016,-0.53968254,-0.070705882,-0.610767196
1311,-0.884615385,-0.230769231,0.02667037,-1.846153846,0,-0.018884615,-0.070873016,-0.53968254,0.081294118,-0.590767196
1066,-0.796766744,-0.064665127,0.03667037,-1.069284065,-0.080357143,-0.007775982,0.029126984,0.46031746,0.000930804,-0.000767196
1540,-1.166666667,-0.333333333,-0.068181609,-5,-0.080357143,0.008,-0.014367816,-0.333333333,0.088930804,-0.164942529
304,-0.796766744,-0.064665127,-0.248181609,0.930715935,-0.080357143,0.006224018,0.005632184,-0.333333333,0.398930804,0.245057471
1144,-0.884615385,-0.230769231,0.05167037,-1.846153846,0,-0.015884615,-0.060873016,-0.53968254,0.101294118,-0.320767196
679,-0.796766744,-0.064665127,-0.09232963,-1.069284065,-0.080357143,-0.007775982,0.039126984,0.46031746,-0.063069196,0.349232804
275,-0.796766744,-0.064665127,-0.165181609,-1.069284065,-0.080357143,0.009224018,-0.004367816,-0.333333333,0.378930804,0.375057471
530,2.203233256,-0.064665127,0.13767037,2.930715935,-0.080357143,-0.009775982,-0.040873016,-0.53968254,-0.054069196,0.009232804
596,-0.796766744,-0.064665127,-0.04532963,-2.069284065,-0.080357143,0.004224018,0.009126984,0.46031746,-0.122069196,-0.200767196
1714,-2.166666667,-0.333333333,-0.10632963,-2,-0.080357143,0.016,-0.020873016,-0.53968254,-0.036069196,-0.340767196
766,-0.796766744,-0.064665127,-0.14582963,-2.069284065,-0.080357143,-0.013775982,-0.010873016,0.46031746,0.078930804,0.459232804
1763,-0.884615385,-0.230769231,-0.17402963,-0.846153846,0,0.071115385,0.059126984,-0.53968254,-0.218705882,-0.650767196
321,0.203233256,-0.064665127,-0.089181609,0.930715935,-0.080357143,0.004224018,-0.064367816,-0.333333333,0.043930804,-0.214942529
888,3.203233256,-0.064665127,0.09867037,0.930715935,-0.080357143,-0.003775982,-0.050873016,-0.53968254,-0.033069196,-0.350767196
613,-0.796766744,-0.064665127,-0.03732963,-2.069284065,-0.080357143,0.082224018,-0.080873016,-0.53968254,-0.004069196,-0.740767196
1409,-0.884615385,-0.230769231,0.17267037,4.153846154,0,-0.009884615,-0.040873016,-0.53968254,0.151294118,0.079232804
872,1.203233256,-0.064665127,0.40567037,1.930715935,-0.080357143,0.010224018,-0.030873016,-0.53968254,0.188930804,-0.340767196
414,-0.884615385,-0.230769231,-0.215181609,1.153846154,-0.080357143,-0.004884615,-0.094367816,-0.333333333,0.067930804,-0.454942529
1781,0.115384615,-0.230769231,0.03167037,0.153846154,0,0.007115385,-0.040873016,-0.53968254,0.041294118,-0.540767196
618,-0.796766744,-0.064665127,-0.09232963,-0.069284065,-0.080357143,-0.001775982,0.009126984,0.46031746,-0.045069196,-0.120767196
1498,-0.884615385,-0.230769231,0.13567037,-1.846153846,0,0.015115385,-0.100873016,-0.53968254,0.141294118,-0.750767196
751,3.203233256,-0.064665127,0.20967037,0.930715935,-0.080357143,-0.002775982,-0.030873016,-0.53968254,0.005930804,-0.260767196
525,-0.796766744,-0.064665127,-0.05432963,-1.069284065,-0.080357143,0.043224018,-0.010873016,-0.53968254,0.108930804,-0.400767196
1338,-0.884615385,-0.230769231,0.28667037,1.153846154,0,-0.026884615,-0.020873016,-0.53968254,-0.080705882,0.099232804
339,0.203233256,0.935334873,-0.088181609,-2.069284065,0.919642857,0.027224018,0.015632184,-0.333333333,0.098930804,-0.194942529
1656,-1.166666667,-0.333333333,-0.14182963,-3,-0.080357143,-0.001,-0.050873016,-0.53968254,0.228930804,0.229232804
497,0.203233256,-0.064665127,-0.14982963,0.930715935,-0.080357143,-0.004775982,0.019126984,0.46031746,-0.141069196,0.039232804
1466,0.115384615,-0.230769231,-0.14452963,0.153846154,0,0.004115385,-0.060873016,-0.53968254,0.041294118,-0.500767196
1204,-0.884615385,-0.230769231,0.13767037,1.153846154,0,0.019115385,-0.050873016,-0.53968254,0.021294118,-0.450767196
121,-0.796766744,-0.064665127,-0.213181609,-2.069284065,-0.080357143,0.082224018,-0.094367816,-0.333333333,0.018930804,-0.574942529
1919,0.115384615,-0.230769231,0.06567037,-0.846153846,0,-0.005884615,-0.000873016,-0.53968254,0.101294118,-0.100767196
288,-0.796766744,-0.064665127,-0.239181609,-3.069284065,-0.080357143,0.095224018,-0.034367816,-0.333333333,0.013930804,-0.844942529
198,-0.796766744,-0.064665127,-0.024181609,-3.069284065,-0.080357143,0.043224018,-0.084367816,-0.333333333,-0.044069196,-0.814942529
776,-0.796766744,-0.064665127,-0.18622963,-2.069284065,-0.080357143,-0.010775982,0.009126984,0.46031746,0.075930804,0.439232804
989,4.203233256,-0.064665127,-0.13832963,3.930715935,-0.080357143,-0.004775982,-0.010873016,-0.53968254,-0.031069196,-0.040767196
1972,1.115384615,-0.230769231,0.13267037,-1.846153846,0,-0.006884615,-0.020873016,-0.53968254,-0.076705882,-0.270767196
1195,1.115384615,-0.230769231,0.25167037,4.153846154,-0.080357143,-0.009884615,-0.010873016,-0.53968254,0.208930804,-0.310767196
1833,-0.884615385,-0.230769231,-0.18512963,-1.846153846,0,-0.001884615,-0.080873016,-0.53968254,0.001294118,-0.760767196
44,-0.796766744,-0.064665127,0.004818391,-2.069284065,-0.080357143,0.020224018,0.015632184,-0.333333333,0.138930804,-0.074942529
969,0.203233256,-0.064665127,-0.13442963,-0.069284065,-0.080357143,0.001224018,-0.070873016,-0.53968254,0.088930804,0.269232804
1989,-0.884615385,-0.230769231,0.05467037,0.153846154,0,-0.017884615,-0.040873016,-0.53968254,0.141294118,-0.140767196
1524,-1.166666667,-0.333333333,-0.146181609,-4,-0.080357143,0.026,0.025632184,-0.333333333,0.148930804,0.335057471
1504,0.203233256,-0.064665127,-0.383541609,-1.069284065,-0.080357143,0.008224018,-0.104367816,-0.333333333,0.078930804,0.335057471
1378,-0.884615385,-0.230769231,0.11067037,-1.846153846,0,0.001115385,-0.090873016,-0.53968254,0.171294118,-0.400767196
1483,2.115384615,-0.230769231,0.19567037,2.153846154,-0.080357143,-0.012884615,-0.010873016,-0.53968254,0.208930804,-0.330767196
1559,-2.166666667,-0.333333333,0.062818391,1,-0.080357143,-0.002,-0.054367816,-0.333333333,0.198930804,0.385057471
78,0.203233256,-0.064665127,-0.310281609,-0.069284065,-0.080357143,0.001224018,-0.074367816,-0.333333333,0.088930804,0.465057471
1526,-2.166666667,-0.333333333,-0.087181609,3,-0.080357143,0.004,-0.014367816,-0.333333333,0.074930804,-0.014942529
1371,-0.884615385,-0.230769231,0.19167037,2.153846154,-0.080357143,-0.011884615,-0.090873016,-0.53968254,-0.008069196,-0.580767196
957,-0.796766744,-0.064665127,0.11867037,-0.069284065,-0.080357143,-0.014775982,-0.000873016,0.46031746,0.178930804,0.069232804
500,-0.796766744,-0.064665127,0.02267037,0.930715935,-0.080357143,0.028224018,-0.050873016,-0.53968254,0.024930804,-0.400767196
591,-0.796766744,-0.064665127,-0.14032963,-2.069284065,-0.080357143,-0.001775982,-0.010873016,0.46031746,-0.115069196,-0.120767196
1811,0.115384615,-0.230769231,-0.16572963,6.153846154,0,-0.011884615,0.089126984,-0.53968254,-0.029705882,0.019232804
588,-0.796766744,-0.064665127,-0.13462963,-1.069284065,-0.080357143,-0.008775982,0.019126984,0.46031746,0.046930804,0.239232804
429,-0.796766744,-0.064665127,-0.15242963,-1.069284065,-0.080357143,-0.009775982,0.029126984,0.46031746,0.108930804,-0.000767196
671,-0.796766744,-0.064665127,-0.05432963,-1.069284065,-0.080357143,0.101224018,-0.060873016,-0.53968254,0.208930804,-0.780767196
1500,1.203233256,-0.064665127,-0.383541609,-0.069284065,-0.080357143,0.008224018,-0.104367816,-0.333333333,0.077930804,0.335057471
1134,-0.166666667,0.666666667,0.84567037,15,0.919642857,-0.025,0.009126984,-0.53968254,-0.075069196,0.519232804
1146,-0.884615385,-0.230769231,0.20567037,0.153846154,0,0.011115385,-0.060873016,-0.53968254,-0.075705882,-0.440767196
1836,0.115384615,-0.230769231,-0.08732963,3.153846154,0,0.009115385,-0.080873016,-0.53968254,0.001294118,-0.480767196
1299,1.115384615,-0.230769231,0.28367037,-0.846153846,0,-0.007884615,-0.090873016,-0.53968254,-0.008705882,0.129232804
940,-0.796766744,-0.064665127,-0.05932963,-1.069284065,-0.080357143,-0.015775982,0.019126984,0.46031746,-0.046069196,0.549232804
1692,-2.166666667,-0.333333333,-0.06332963,-1,-0.080357143,-0.019,-0.010873016,-0.53968254,0.228930804,0.069232804
1478,-0.884615385,-0.230769231,0.30367037,0.153846154,0,-0.011884615,-0.050873016,-0.53968254,-0.072705882,-0.290767196
625,-0.796766744,-0.064665127,-0.07432963,-1.069284065,-0.080357143,-0.013775982,0.009126984,0.46031746,-0.090069196,0.539232804
1970,0.115384615,-0.230769231,0.28367037,1.153846154,0,-0.018884615,-0.040873016,-0.53968254,0.071294118,0.249232804
1784,2.115384615,-0.230769231,0.00767037,1.153846154,0,0.009115385,-0.020873016,-0.53968254,0.141294118,-0.170767196
884,0.203233256,-0.064665127,-0.17042963,0.930715935,-0.080357143,-0.006775982,0.029126984,0.46031746,-0.076069196,0.049232804
917,-0.796766744,-0.064665127,0.09567037,1.930715935,-0.080357143,-0.007775982,0.009126984,-0.53968254,0.053930804,0.049232804
1493,-0.884615385,-0.230769231,0.17567037,4.153846154,0,-0.009884615,-0.050873016,-0.53968254,-0.018705882,-0.320767196
422,-0.884615385,-0.230769231,0.016818391,2.153846154,-0.080357143,-0.015884615,-0.094367816,-0.333333333,0.016930804,-0.364942529
1843,-0.884615385,-0.230769231,-0.15592963,3.153846154,0,-0.003884615,0.059126984,-0.53968254,0.091294118,0.209232804
1335,-0.884615385,-0.230769231,0.31567037,1.153846154,0,-0.029884615,-0.020873016,-0.53968254,-0.032705882,-0.050767196
1629,1.203233256,-0.064665127,0.06267037,4.930715935,-0.080357143,0.012224018,0.049126984,-0.53968254,0.118930804,0.049232804
1220,0.115384615,-0.230769231,0.07967037,0.153846154,-0.080357143,0.011115385,-0.090873016,-0.53968254,0.108930804,-0.650767196
2015,-0.884615385,-0.230769231,0.13567037,1.153846154,0,-0.004884615,-0.100873016,-0.53968254,-0.036705882,-0.590767196
1386,0.115384615,-0.230769231,0.33967037,-0.846153846,0,-0.013884615,-0.060873016,-0.53968254,0.021294118,-0.550767196
1320,-0.884615385,-0.230769231,0.00367037,1.153846154,-0.080357143,-0.019884615,-0.040873016,-0.53968254,-0.013069196,-0.470767196
504,0.203233256,-0.064665127,0.05267037,-0.069284065,-0.080357143,0.033224018,-0.040873016,-0.53968254,0.002930804,-0.450767196
98,-0.796766744,-0.064665127,0.004818391,-2.069284065,-0.080357143,0.015224018,-0.034367816,-0.333333333,0.158930804,0.155057471
1267,1.115384615,-0.230769231,-0.17892963,2.153846154,-0.080357143,0.017115385,0.119126984,-0.53968254,0.208930804,-0.010767196
1770,-0.884615385,-0.230769231,0.16467037,-0.846153846,0,0.003115385,-0.090873016,-0.53968254,-0.191705882,-0.380767196
793,-0.796766744,-0.064665127,-0.00832963,-2.069284065,-0.080357143,0.050224018,-0.070873016,-0.53968254,0.178930804,-0.650767196
1918,-0.884615385,-0.230769231,0.04167037,0.153846154,0,-0.012884615,-0.050873016,-0.53968254,-0.028705882,-0.370767196
1357,-0.884615385,-0.230769231,0.13467037,2.153846154,0,0.011115385,-0.090873016,-0.53968254,-0.051705882,-0.610767196
303,-0.796766744,-0.064665127,-0.260181609,-3.069284065,-0.080357143,0.019224018,-0.074367816,-0.333333333,0.198930804,-0.444942529
559,-0.796766744,-0.064665127,0.05867037,2.930715935,-0.080357143,-0.021775982,-0.030873016,-0.53968254,0.026930804,-0.020767196
1871,-0.884615385,-0.230769231,-0.06132963,-1.846153846,0,0.023115385,-0.010873016,-0.53968254,0.051294118,-0.720767196
158,0.203233256,0.935334873,-0.177181609,-2.069284065,0.919642857,0.034224018,0.075632184,-0.333333333,-0.004069196,-0.184942529
1231,-0.884615385,-0.230769231,0.04667037,-0.846153846,0,-0.005884615,-0.060873016,-0.53968254,0.041294118,-0.310767196
244,0.203233256,-0.064665127,-0.140181609,-0.069284065,-0.080357143,0.037224018,-0.044367816,-0.333333333,0.068930804,-0.264942529
1854,-0.884615385,-0.230769231,0.19767037,3.153846154,0,-0.015884615,-0.050873016,-0.53968254,-0.018705882,-0.170767196
806,0.203233256,-0.064665127,-0.12262963,0.930715935,-0.080357143,-0.011775982,-0.000873016,0.46031746,0.138930804,0.029232804
1317,0.115384615,-0.230769231,-0.06132963,-1.846153846,0,0.023115385,-0.100873016,-0.53968254,0.031294118,-0.820767196
356,-0.796766744,-0.064665127,-0.284181609,-2.069284065,-0.080357143,0.000224018,-0.004367816,0.666666667,-0.120069196,0.405057471
770,0.203233256,-0.064665127,0.09667037,1.930715935,-0.080357143,0.001224018,-0.010873016,-0.53968254,0.036930804,-0.060767196
1547,-2.166666667,-0.333333333,-0.040181609,-3,-0.080357143,0.021,-0.104367816,-0.333333333,0.070930804,-0.394942529
1686,-2.166666667,-0.333333333,0.36367037,-1,-0.080357143,0.005,-0.020873016,-0.53968254,0.168930804,-0.170767196
1744,-0.884615385,-0.230769231,0.04867037,1.153846154,0,-0.002884615,-0.010873016,-0.53968254,-0.056705882,-0.120767196
1937,-0.884615385,-0.230769231,0.18767037,6.153846154,0,-0.022884615,0.089126984,-0.53968254,-0.018705882,0.059232804
1221,-0.884615385,-0.230769231,0.06767037,0.153846154,0,0.006115385,-0.010873016,-0.53968254,0.241294118,-0.510767196
703,-0.796766744,-0.064665127,-0.05632963,-1.069284065,-0.080357143,0.087224018,-0.070873016,-0.53968254,0.078930804,-0.850767196
194,-0.796766744,-0.064665127,-0.357781609,-1.069284065,-0.080357143,-0.006775982,0.025632184,0.666666667,-0.179069196,0.635057471
1356,0.115384615,-0.230769231,0.20567037,1.153846154,0,0.011115385,-0.060873016,-0.53968254,0.121294118,-0.410767196
1581,-2.166666667,-0.333333333,-0.193181609,-6,-0.080357143,0.025,-0.024367816,-0.333333333,0.138930804,-0.054942529
401,0.115384615,-0.230769231,-0.062181609,1.153846154,-0.080357143,-0.021884615,-0.024367816,-0.333333333,0.013930804,-0.104942529
513,1.203233256,-0.064665127,0.03867037,3.930715935,-0.080357143,-0.024775982,-0.020873016,-0.53968254,0.108930804,-0.030767196
1712,-2.166666667,-0.333333333,-0.11032963,-4,-0.080357143,0.028,-0.080873016,-0.53968254,0.128930804,-0.370767196
2003,-0.884615385,-0.230769231,-0.20854963,0.153846154,0,0.033115385,-0.060873016,-0.53968254,0.311294118,-0.400767196
1432,0.115384615,-0.230769231,0.12467037,0.153846154,0,0.010115385,-0.060873016,-0.53968254,0.131294118,-0.560767196
212,-0.796766744,-0.064665127,-0.362581609,-2.069284065,-0.080357143,0.000224018,0.015632184,0.666666667,-0.062069196,0.415057471
1637,0.203233256,-0.064665127,-0.20768963,0.930715935,-0.080357143,0.008224018,-0.090873016,-0.53968254,0.098930804,0.129232804
610,-0.796766744,-0.064665127,-0.11462963,1.930715935,-0.080357143,-0.006775982,0.029126984,0.46031746,-0.150069196,0.429232804
196,-0.796766744,-0.064665127,0.384818391,1.930715935,-0.080357143,0.019224018,0.015632184,-0.333333333,-0.055069196,-0.114942529
516,0.203233256,-0.064665127,0.09267037,-1.069284065,-0.080357143,-0.015775982,0.029126984,0.46031746,-0.035069196,0.009232804
1916,-0.884615385,-0.230769231,-0.14252963,0.153846154,0,0.023115385,-0.060873016,-0.53968254,-0.099705882,-0.760767196
444,0.203233256,-0.064665127,-0.00832963,-2.069284065,-0.080357143,0.061224018,-0.040873016,-0.53968254,0.138930804,-0.790767196
1612,0.203233256,-0.064665127,-0.06032963,1.930715935,-0.080357143,0.026224018,-0.020873016,-0.53968254,0.078930804,-0.390767196
64,-0.796766744,-0.064665127,-0.160181609,-3.069284065,-0.080357143,0.039224018,-0.094367816,-0.333333333,0.128930804,-0.774942529
550,-0.796766744,-0.064665127,-0.21432963,-3.069284065,-0.080357143,0.044224018,-0.110873016,-0.53968254,-0.016069196,-1.060767196
814,-0.796766744,-0.064665127,-0.18192963,-1.069284065,-0.080357143,-0.006775982,0.029126984,0.46031746,-0.179069196,0.439232804
485,0.203233256,-0.064665127,0.06167037,0.930715935,-0.080357143,-0.011775982,0.019126984,0.46031746,-0.055069196,0.079232804
1475,-0.884615385,-0.230769231,0.14867037,2.153846154,0,0.000115385,-0.040873016,-0.53968254,-0.177705882,-0.400767196
1058,-0.796766744,-0.064665127,0.01567037,-3.069284065,-0.080357143,0.100224018,-0.090873016,-0.53968254,0.248930804,-0.300767196
1963,0.115384615,-0.230769231,0.21467037,0.153846154,0,-0.014884615,-0.060873016,-0.53968254,0.121294118,-0.180767196
1049,0.203233256,0.935334873,-0.02132963,-2.069284065,0.919642857,0.039224018,0.049126984,-0.53968254,0.098930804,-0.500767196
999,-0.796766744,-0.064665127,0.18167037,-2.069284065,-0.080357143,0.025224018,-0.040873016,-0.53968254,0.098930804,-0.370767196
742,-0.796766744,-0.064665127,0.05067037,0.930715935,-0.080357143,-0.015775982,-0.000873016,0.46031746,0.064930804,0.399232804
1766,-0.884615385,-0.230769231,0.13467037,2.153846154,-0.080357143,-0.004884615,-0.010873016,-0.53968254,0.228930804,-0.370767196
1312,0.115384615,-0.230769231,0.01467037,-1.846153846,0,0.007115385,-0.050873016,-0.53968254,0.091294118,-0.540767196
424,0.115384615,-0.230769231,-0.067181609,1.153846154,-0.080357143,-0.017884615,-0.024367816,-0.333333333,0.012930804,-0.094942529
1773,0.115384615,-0.230769231,0.22167037,0.153846154,0,-0.002884615,-0.050873016,-0.53968254,0.191294118,-0.270767196
983,0.203233256,0.935334873,0.08767037,-2.069284065,0.919642857,0.027224018,0.019126984,-0.53968254,0.098930804,-0.390767196
1271,1.115384615,-0.230769231,-0.13752963,0.153846154,0,-0.028884615,-0.020873016,-0.53968254,-0.031705882,-0.260767196
946,0.203233256,-0.064665127,0.09567037,-0.069284065,-0.080357143,-0.007775982,-0.000873016,-0.53968254,0.006930804,0.039232804
37,-0.796766744,-0.064665127,-0.261181609,-1.069284065,-0.080357143,0.068224018,-0.024367816,-0.333333333,0.218930804,-0.374942529
1938,0.115384615,-0.230769231,0.11367037,-0.846153846,0,0.002115385,-0.070873016,-0.53968254,-0.110705882,-0.390767196
507,0.203233256,-0.064665127,-0.15242963,-1.069284065,-0.080357143,-0.006775982,0.079126984,0.46031746,0.088930804,0.189232804
666,-0.796766744,-0.064665127,-0.14982963,-1.069284065,-0.080357143,-0.004775982,0.039126984,0.46031746,-0.216069196,0.129232804
718,1.203233256,-0.064665127,-0.17892963,0.930715935,-0.080357143,0.041224018,0.119126984,-0.53968254,0.208930804,-0.010767196
745,-0.796766744,-0.064665127,-0.07032963,-2.069284065,-0.080357143,-0.001775982,0.029126984,0.46031746,-0.155069196,0.319232804
1944,-0.884615385,-0.230769231,0.05067037,-0.846153846,0,-0.004884615,-0.060873016,-0.53968254,0.141294118,-0.350767196
750,1.203233256,-0.064665127,0.36567037,-0.069284065,-0.080357143,0.001224018,-0.060873016,-0.53968254,0.108930804,0.119232804
1215,0.115384615,-0.230769231,0.15267037,2.153846154,0,-0.021884615,-0.060873016,-0.53968254,0.141294118,-0.230767196
981,-0.796766744,-0.064665127,0.25767037,1.930715935,-0.080357143,-0.021775982,-0.010873016,0.46031746,0.108930804,0.119232804
73,-0.796766744,-0.064665127,-0.232181609,-2.069284065,-0.080357143,0.087224018,-0.074367816,-0.333333333,0.158930804,-0.584942529
1865,-0.884615385,-0.230769231,0.08067037,-1.846153846,0,0.002115385,0.099126984,-0.53968254,0.021294118,-0.420767196
676,0.203233256,-0.064665127,-0.12582963,-0.069284065,-0.080357143,0.000224018,-0.070873016,-0.53968254,0.158930804,0.269232804
329,-0.796766744,-0.064665127,-0.260181609,-3.069284065,-0.080357143,0.019224018,-0.074367816,-0.333333333,0.208930804,-0.034942529
110,-0.796766744,-0.064665127,-0.315581609,-3.069284065,-0.080357143,0.036224018,-0.074367816,-0.333333333,-0.006069196,-0.064942529
480,0.203233256,-0.064665127,0.09167037,-0.069284065,-0.080357143,-0.003775982,-0.000873016,-0.53968254,0.005930804,0.039232804
1275,-0.884615385,-0.230769231,-0.21301963,-1.846153846,0,0.047115385,0.069126984,-0.53968254,0.001294118,-0.770767196
548,0.203233256,-0.064665127,-0.18772963,-1.069284065,-0.080357143,0.005224018,-0.110873016,-0.53968254,0.108930804,0.169232804
207,-0.796766744,-0.064665127,-0.086181609,0.930715935,-0.080357143,0.008224018,-0.024367816,-0.333333333,0.388930804,0.015057471
1272,-0.884615385,-0.230769231,-0.06232963,-0.846153846,0,-0.010884615,-0.010873016,-0.53968254,-0.141705882,-0.270767196
1959,1.115384615,-0.230769231,0.11867037,1.153846154,0,0.004115385,-0.010873016,-0.53968254,0.131294118,-0.350767196
328,-0.796766744,-0.064665127,-0.246181609,-3.069284065,-0.080357143,0.037224018,-0.084367816,-0.333333333,0.228930804,-0.424942529
831,-0.796766744,-0.064665127,0.03567037,0.930715935,-0.080357143,0.023224018,-0.040873016,-0.53968254,0.047930804,-0.380767196
3,-0.796766744,-0.064665127,-0.044181609,-3.069284065,-0.080357143,0.012224018,-0.104367816,-0.333333333,0.098930804,-0.274942529
279,-0.796766744,-0.064665127,-0.266181609,-3.069284065,-0.080357143,0.024224018,-0.084367816,-0.333333333,0.218930804,-0.424942529
1110,-0.166666667,-0.333333333,0.28867037,8,-0.080357143,-0.01,-0.040873016,-0.53968254,0.076930804,0.289232804
1908,2.115384615,-0.230769231,-0.16842963,7.153846154,0,-0.007884615,-0.000873016,-0.53968254,0.031294118,-0.180767196
2011,-0.884615385,-0.230769231,0.09867037,-0.846153846,0,-0.002884615,-0.070873016,-0.53968254,0.081294118,-0.340767196
1969,1.115384615,-0.230769231,0.08067037,2.153846154,0,-0.009884615,-0.060873016,-0.53968254,-0.178705882,-0.180767196
696,1.203233256,-0.064665127,0.35367037,2.930715935,-0.080357143,-0.002775982,-0.060873016,-0.53968254,0.098930804,0.179232804
297,-0.796766744,-0.064665127,-0.232181609,-1.069284065,-0.080357143,0.087224018,-0.074367816,-0.333333333,0.078930804,-0.654942529
442,-0.796766744,-0.064665127,0.04667037,0.930715935,-0.080357143,-0.014775982,0.039126984,0.46031746,0.060930804,0.329232804
301,-0.796766744,-0.064665127,-0.160181609,-3.069284065,-0.080357143,0.100224018,-0.094367816,-0.333333333,0.248930804,-0.104942529
1288,-0.884615385,-0.230769231,0.08067037,-1.846153846,0,-0.000884615,-0.010873016,-0.53968254,-0.096705882,-0.170767196
72,-0.796766744,-0.064665127,-0.294481609,-2.069284065,-0.080357143,0.080224018,-0.074367816,-0.333333333,0.188930804,-0.584942529
425,0.115384615,0.769230769,-0.111181609,-0.846153846,0.919642857,0.007115385,0.015632184,-0.333333333,-0.007069196,-0.204942529
943,0.203233256,-0.064665127,0.17767037,0.930715935,-0.080357143,-0.012775982,0.029126984,0.46031746,-0.044069196,-0.070767196
1574,-0.166666667,-0.333333333,-0.290181609,-5,-0.080357143,0,-0.044367816,-0.333333333,0.278930804,0.165057471
1563,-2.166666667,-0.333333333,-0.282181609,-2,-0.080357143,0.016,-0.024367816,-0.333333333,-0.036069196,-0.144942529
916,-0.796766744,-0.064665127,-0.18882963,-2.069284065,-0.080357143,-0.002775982,-0.000873016,0.46031746,-0.044069196,-0.120767196
1295,-0.884615385,-0.230769231,0.11667037,2.153846154,0,0.008115385,0.049126984,-0.53968254,-0.114705882,-0.350767196
1591,-1.166666667,-0.333333333,-0.317681609,-3,-0.080357143,-0.001,-0.054367816,-0.333333333,0.228930804,0.425057471
779,-0.796766744,-0.064665127,-0.08032963,-0.069284065,-0.080357143,0.000224018,0.029126984,0.46031746,0.178930804,-0.170767196
1393,-0.884615385,0.769230769,0.00767037,2.153846154,0.919642857,0.014115385,0.019126984,-0.53968254,-0.055069196,-0.420767196
651,0.203233256,-0.064665127,-0.11792963,-1.069284065,-0.080357143,-0.005775982,0.089126984,0.46031746,-0.056069196,0.199232804
1029,-0.796766744,-0.064665127,-0.19552963,-1.069284065,-0.080357143,0.045224018,0.029126984,-0.53968254,0.198930804,-0.360767196
281,-0.796766744,-0.064665127,-0.248181609,0.930715935,-0.080357143,0.006224018,0.005632184,-0.333333333,0.388930804,0.335057471
2036,-2.166666667,-0.333333333,-0.297281609,0,-0.080357143,-0.011,0.015632184,-0.333333333,0.138930804,-0.074942529
502,0.203233256,-0.064665127,0.02667037,-0.069284065,-0.080357143,0.048224018,-0.060873016,-0.53968254,0.029930804,-0.580767196
1803,-0.884615385,-0.230769231,0.03467037,0.153846154,0,-0.015884615,-0.020873016,-0.53968254,0.151294118,0.309232804
1767,-0.884615385,-0.230769231,-0.19552963,-1.846153846,0,0.048115385,0.059126984,-0.53968254,-0.066705882,-0.780767196
1892,-0.884615385,-0.230769231,-0.15812963,2.153846154,0,-0.004884615,0.079126984,-0.53968254,-0.059705882,-0.070767196
652,1.203233256,-0.064665127,0.09367037,0.930715935,-0.080357143,0.029224018,-0.050873016,-0.53968254,0.108930804,-0.420767196
289,1.203233256,-0.064665127,-0.325181609,-0.069284065,-0.080357143,-0.001775982,-0.074367816,-0.333333333,0.077930804,0.475057471
1994,-0.884615385,-0.230769231,0.16167037,-1.846153846,0,0.005115385,-0.060873016,-0.53968254,-0.104705882,0.119232804
1490,-0.884615385,-0.230769231,0.24167037,2.153846154,0,-0.023884615,-0.060873016,-0.53968254,-0.111705882,-0.230767196
1313,0.115384615,-0.230769231,0.04067037,8.153846154,0,-0.014884615,0.009126984,-0.53968254,0.211294118,0.099232804
50,1.203233256,-0.064665127,-0.242181609,-1.069284065,-0.080357143,0.020224018,-0.064367816,-0.333333333,0.078930804,-0.454942529
1008,-0.796766744,-0.064665127,0.06667037,-1.069284065,-0.080357143,-0.009775982,0.029126984,0.46031746,0.398930804,0.469232804
274,-0.796766744,-0.064665127,-0.221181609,-1.069284065,-0.080357143,0.016224018,-0.014367816,-0.333333333,0.218930804,-0.234942529
1198,-0.884615385,-0.230769231,-0.03932963,1.153846154,-0.080357143,-0.004884615,-0.090873016,-0.53968254,0.067930804,-0.650767196
631,0.203233256,-0.064665127,-0.11692963,0.930715935,-0.080357143,-0.010775982,-0.000873016,0.46031746,0.118930804,0.039232804
1889,0.115384615,-0.230769231,0.03567037,2.153846154,0,0.020115385,-0.100873016,-0.53968254,-0.095705882,-0.490767196
920,-0.796766744,-0.064665127,-0.09232963,-0.069284065,-0.080357143,-0.001775982,0.029126984,0.46031746,-0.063069196,-0.050767196
1152,-0.884615385,-0.230769231,-0.04632963,-1.846153846,0,0.036115385,-0.070873016,-0.53968254,0.041294118,-1.150767196
201,-0.796766744,-0.064665127,-0.357781609,-1.069284065,-0.080357143,-0.006775982,0.015632184,0.666666667,-0.155069196,0.535057471
449,-0.796766744,-0.064665127,0.00367037,-1.069284065,-0.080357143,-0.013775982,0.009126984,0.46031746,-0.050069196,0.639232804
336,-0.796766744,-0.064665127,-0.390181609,-3.069284065,-0.080357143,0.044224018,-0.114367816,-0.333333333,0.108930804,-0.964942529
1417,0.115384615,-0.230769231,-0.11332963,4.153846154,0,-0.014884615,-0.040873016,-0.53968254,0.011294118,-0.200767196
2029,-0.884615385,-0.230769231,0.02667037,0.153846154,0,0.018115385,-0.030873016,-0.53968254,0.021294118,-0.350767196
473,-0.796766744,-0.064665127,0.03967037,0.930715935,-0.080357143,-0.012775982,0.029126984,0.46031746,0.035930804,0.389232804
1107,-1.166666667,-0.333333333,0.08367037,1,-0.080357143,0.01,-0.080873016,-0.53968254,0.030930804,-0.270767196
1722,0.115384615,-0.230769231,-0.08132963,3.153846154,0,0.003115385,-0.090873016,-0.53968254,-0.063705882,-0.500767196
205,0.203233256,-0.064665127,0.035818391,-2.069284065,-0.080357143,0.071224018,-0.074367816,-0.333333333,0.228930804,-0.454942529
838,1.203233256,-0.064665127,0.32967037,-0.069284065,-0.080357143,0.006224018,-0.060873016,-0.53968254,0.108930804,-0.400767196
1993,-0.884615385,-0.230769231,0.05867037,-1.846153846,0,0.006115385,-0.030873016,-0.53968254,-0.178705882,-0.370767196
735,-0.796766744,-0.064665127,-0.07132963,-0.069284065,-0.080357143,-0.004775982,0.049126984,0.46031746,-0.200069196,0.099232804
1809,-0.884615385,-0.230769231,-0.13792963,2.153846154,0,0.007115385,-0.010873016,-0.53968254,0.131294118,-0.480767196
332,0.203233256,-0.064665127,-0.034181609,0.930715935,-0.080357143,0.028224018,-0.044367816,-0.333333333,0.036930804,-0.104942529
1243,-0.884615385,-0.230769231,0.15067037,-1.846153846,0,0.018115385,-0.120873016,-0.53968254,-0.059705882,-0.940767196
20,-0.796766744,-0.064665127,-0.246181609,-3.069284065,-0.080357143,0.037224018,-0.084367816,-0.333333333,0.278930804,-0.714942529
1682,-1.166666667,-0.333333333,0.02967037,-4,-0.080357143,0.026,0.029126984,-0.53968254,0.148930804,0.139232804
1408,-0.884615385,-0.230769231,-0.15552963,-0.846153846,0,0.017115385,-0.000873016,-0.53968254,0.021294118,-0.650767196
19,-0.796766744,-0.064665127,-0.297881609,-1.069284065,-0.080357143,0.014224018,-0.024367816,-0.333333333,0.378930804,-0.084942529
1990,0.115384615,-0.230769231,0.18767037,-0.846153846,0,-0.005884615,-0.040873016,-0.53968254,-0.116705882,-0.090767196
1947,-0.884615385,-0.230769231,-0.21026963,5.153846154,0,0.002115385,-0.020873016,-0.53968254,-0.168705882,-0.160767196
705,-0.796766744,-0.064665127,-0.09832963,-1.069284065,-0.080357143,-0.004775982,0.019126984,0.46031746,-0.142069196,-0.070767196
1300,-0.884615385,-0.230769231,0.33367037,3.153846154,0,-0.026884615,-0.050873016,-0.53968254,-0.042705882,-0.080767196
1388,-0.884615385,-0.230769231,0.07667037,-1.846153846,0,0.025115385,-0.080873016,-0.53968254,-0.171705882,-1.010767196
551,0.203233256,-0.064665127,0.06967037,0.930715935,-0.080357143,-0.005775982,0.009126984,0.46031746,0.068930804,0.039232804
1611,2.203233256,-0.064665127,-0.00732963,7.930715935,-0.080357143,0.036224018,-0.080873016,-0.53968254,0.088930804,-0.310767196
732,0.203233256,-0.064665127,0.00967037,-0.069284065,-0.080357143,-0.011775982,-0.000873016,0.46031746,-0.055069196,-0.130767196
1471,-0.884615385,-0.230769231,0.28567037,1.153846154,0,-0.020884615,-0.060873016,-0.53968254,-0.116705882,-0.140767196
685,-0.796766744,-0.064665127,-0.06732963,-1.069284065,-0.080357143,-0.009775982,0.019126984,0.46031746,-0.047069196,0.359232804
1725,0.115384615,-0.230769231,-0.12292963,6.153846154,0,-0.010884615,-0.060873016,-0.53968254,-0.117705882,-0.520767196
465,2.203233256,-0.064665127,0.36767037,-0.069284065,-0.080357143,0.005224018,-0.080873016,-0.53968254,0.098930804,-0.320767196
2028,0.115384615,-0.230769231,-0.07232963,4.153846154,0,-0.047884615,-0.000873016,-0.53968254,-0.018705882,-0.210767196
1827,-0.884615385,-0.230769231,-0.01032963,0.153846154,0,0.004115385,0.049126984,-0.53968254,-0.097705882,-0.450767196
788,-0.796766744,-0.064665127,-0.18032963,-2.069284065,-0.080357143,-0.005775982,0.089126984,0.46031746,0.228930804,-0.050767196
409,0.115384615,-0.230769231,0.022818391,4.153846154,-0.080357143,-0.017884615,-0.094367816,-0.333333333,0.045930804,-0.304942529
